Project;WoCProjectCommits;GitHubDefaultBranchCommitsAsOf;StatusAsOf;SourceURL;Limitation
avehtari_bda_course_aalto;2272;1814;2026-09-30;https://api.github.com/repos/avehtari/BDA_course_Aalto/commits?per_page=1&until=2026-09-30T23%3A59%3A59Z;Different history scopes: WoC project association versus current GitHub default branch, filtered by cutoff.
eberharf_cfl;1138;941;2026-09-30;https://api.github.com/repos/eberharf/cfl/commits?per_page=1&until=2026-09-30T23%3A59%3A59Z;Different history scopes: WoC project association versus current GitHub default branch, filtered by cutoff.
inqwire_sqir;1338;1232;2026-09-30;https://api.github.com/repos/inQWIRE/SQIR/commits?per_page=1&until=2026-09-30T23%3A59%3A59Z;Different history scopes: WoC project association versus current GitHub default branch, filtered by cutoff.
jayggg_ngstents;454;453;2026-09-30;https://api.github.com/repos/jayggg/ngstents/commits?per_page=1&until=2026-09-30T23%3A59%3A59Z;Different history scopes: WoC project association versus current GitHub default branch, filtered by cutoff.
jgcri_gcam-core;10688;10043;2026-09-30;https://api.github.com/repos/JGCRI/gcam-core/commits?per_page=1&until=2026-09-30T23%3A59%3A59Z;Different history scopes: WoC project association versus current GitHub default branch, filtered by cutoff.
openda-association_openda;3209;2044;2026-09-30;https://api.github.com/repos/OpenDA-Association/OpenDA/commits?per_page=1&until=2026-09-30T23%3A59%3A59Z;Different history scopes: WoC project association versus current GitHub default branch, filtered by cutoff.
openms_openms;54864;36950;2026-09-30;https://api.github.com/repos/OpenMS/OpenMS/commits?per_page=1&until=2026-09-30T23%3A59%3A59Z;Different history scopes: WoC project association versus current GitHub default branch, filtered by cutoff.
tee-lab_pyddsde;233;499;2026-09-30;https://api.github.com/repos/tee-lab/PyDaddy/commits?per_page=1&until=2026-09-30T23%3A59%3A59Z;Different history scopes: WoC project association versus current GitHub default branch, filtered by cutoff.
vatlab_sos;8834;7658;2026-09-30;https://api.github.com/repos/vatlab/sos/commits?per_page=1&until=2026-09-30T23%3A59%3A59Z;Different history scopes: WoC project association versus current GitHub default branch, filtered by cutoff.
windweller_disextract;559;3;2026-09-30;https://api.github.com/repos/windweller/DisExtract/commits?per_page=1&until=2026-09-30T23%3A59%3A59Z;Different history scopes: WoC project association versus current GitHub default branch, filtered by cutoff.
